BEGIN:VCALENDAR
METHOD:PUBLISH
X-WR-TIMEZONE:Europe/London
PRODID:-//Apple Inc.//iCal 3.0//EN
CALSCALE:GREGORIAN
X-WR-CALNAME:Feiertage_2009-2013_DE
VERSION:2.0
X-WR-RELCALID:7453B6F2-4F61-4745-9016-2C08B56D93BF
X-APPLE-CALENDAR-COLOR:#2CA10B
BEGIN:VEVENT
SEQUENCE:2
DTSTART;VALUE=DATE:20091004
STATUS:CONFIRMED
DTSTAMP:20090830T123104Z
SUMMARY:Erntedankfest
DTEND;VALUE=DATE:20091005
LOCATION:Kalender Feiertage Deutschland Feiertag 2009 bis 2013
DESCRIPTION:Kein gesetzlicher Feiertag
UID:e8f365c5-4ef8-4400-a5d8-504b7a849337
TRANSP:OPAQUE
URL;VALUE=URI:http://feiertage.ferien-kalender.eu
CREATED:20090830T121849Z
END:VEVENT
BEGIN:VEVENT
SEQUENCE:4
DTSTART;VALUE=DATE:20091225
STATUS:CONFIRMED
DTSTAMP:20090830T125737Z
SUMMARY:1. Weihnachtstag
DTEND;VALUE=DATE:20091226
LOCATION:Kalender Feiertage Deutschland Feiertag 2009 bis 2013
RRULE:FREQ=YEARLY;INTERVAL=1;BYMONTH=12
DESCRIPTION:Bundeseinheitlicher Feiertag in Deutschland bundesweit in de
 n Bundesländern Bayern\, Baden Württemberg\, NRW Nordrhein Westfalen\, H
 essen\, hamburg\, Bremen\, Niedersachsen\, Saarland\, Rheinland Pfalz\, 
 Schleswig Holstein\, Sachsen\, Sachsen Anhalt\, Thüringen\, Brandenburg\
 , Berlin\, Mecklenburg Vorpommern.
UID:982967580
TRANSP:OPAQUE
URL;VALUE=URI:http://feiertage.ferien-kalender.eu
CREATED:20090830T121849Z
END:VEVENT
BEGIN:VEVENT
SEQUENCE:4
DTSTART;VALUE=DATE:20120409
STATUS:CONFIRMED
DTSTAMP:20090830T125737Z
SUMMARY:Ostermontag
DTEND;VALUE=DATE:20120410
LOCATION:Kalender Feiertage Deutschland Feiertag 2009 bis 2013
DESCRIPTION:Bundeseinheitlicher Feiertag in Deutschland bundesweit in de
 n Bundesländern Bayern\, Baden Württemberg\, NRW Nordrhein Westfalen\, H
 essen\, hamburg\, Bremen\, Niedersachsen\, Saarland\, Rheinland Pfalz\, 
 Schleswig Holstein\, Sachsen\, Sachsen Anhalt\, Thüringen\, Brandenburg\
 , Berlin\, Mecklenburg Vorpommern.
UID:6c06a6a0-c8ef-11da-bd88-dd773391ba57
TRANSP:OPAQUE
URL;VALUE=URI:http://feiertage.ferien-kalender.eu
CREATED:20090830T121849Z
END:VEVENT
BEGIN:VEVENT
SEQUENCE:2
DTSTART;VALUE=DATE:20120401
STATUS:CONFIRMED
DTSTAMP:20090830T123104Z
SUMMARY:Palmsonntag
DTEND;VALUE=DATE:20120402
LOCATION:Kalender Feiertage Deutschland Feiertag 2009 bis 2013
DESCRIPTION:Christlicher Feiertag
UID:50e58b70-c8ef-11da-a14c-aba404da778d
TRANSP:OPAQUE
URL;VALUE=URI:http://feiertage.ferien-kalender.eu
CREATED:20090830T121849Z
END:VEVENT
BEGIN:VEVENT
SEQUENCE:5
DTSTART;VALUE=DATE:20091101
STATUS:CONFIRMED
DTSTAMP:20090830T125737Z
SUMMARY:Allerheiligen
DTEND;VALUE=DATE:20091102
LOCATION:Kalender Feiertage Deutschland Feiertag 2009 bis 2013
RRULE:FREQ=YEARLY;INTERVAL=1;BYMONTH=11
DESCRIPTION:Bundeseinheitlicher Feiertag in Deutschland bundesweit in de
 n Bundesländern Bayern\, Baden Württemberg\, NRW Nordrhein Westfalen\, H
 essen\, hamburg\, Bremen\, Niedersachsen\, Saarland\, Rheinland Pfalz\, 
 Schleswig Holstein\, Sachsen\, Sachsen Anhalt\, Thüringen\, Brandenburg\
 , Berlin\, Mecklenburg Vorpommern. Feiertag nur im Bundesland Baden-Würt
 temberg\, Bayern\, Nordrhein-Westfalen\,\nRheinland-Pfalz und Saarland.
UID:970745861
TRANSP:OPAQUE
URL;VALUE=URI:http://feiertage.ferien-kalender.eu
CREATED:20090830T121849Z
END:VEVENT
BEGIN:VEVENT
SEQUENCE:4
DTSTART;VALUE=DATE:20090601
STATUS:CONFIRMED
DTSTAMP:20090830T125737Z
SUMMARY:Pfingstmontag
DTEND;VALUE=DATE:20090602
LOCATION:Kalender Feiertage Deutschland Feiertag 2009 bis 2013
DESCRIPTION:Bundeseinheitlicher Feiertag in Deutschland bundesweit in de
 n Bundesländern Bayern\, Baden Württemberg\, NRW Nordrhein Westfalen\, H
 essen\, hamburg\, Bremen\, Niedersachsen\, Saarland\, Rheinland Pfalz\, 
 Schleswig Holstein\, Sachsen\, Sachsen Anhalt\, Thüringen\, Brandenburg\
 , Berlin\, Mecklenburg Vorpommern.
UID:22adc820-c8f0-11da-8033-82cde6c839be
TRANSP:OPAQUE
URL;VALUE=URI:http://feiertage.ferien-kalender.eu
CREATED:20090830T121849Z
END:VEVENT
BEGIN:VEVENT
SEQUENCE:2
DTSTART;VALUE=DATE:20111002
STATUS:CONFIRMED
DTSTAMP:20090830T123103Z
SUMMARY:Erntedankfest
DTEND;VALUE=DATE:20111003
LOCATION:Kalender Feiertage Deutschland Feiertag 2009 bis 2013
DESCRIPTION:Kein gesetzlicher Feiertag
UID:4a782afe-dbd0-4ee4-8808-f29ef7c796cb
TRANSP:OPAQUE
URL;VALUE=URI:http://feiertage.ferien-kalender.eu
CREATED:20090830T121849Z
END:VEVENT
BEGIN:VEVENT
SEQUENCE:4
DTSTART;VALUE=DATE:20110425
STATUS:CONFIRMED
DTSTAMP:20090830T125736Z
SUMMARY:Ostermontag
DTEND;VALUE=DATE:20110426
LOCATION:Kalender Feiertage Deutschland Feiertag 2009 bis 2013
DESCRIPTION:Bundeseinheitlicher Feiertag in Deutschland bundesweit in de
 n Bundesländern Bayern\, Baden Württemberg\, NRW Nordrhein Westfalen\, H
 essen\, hamburg\, Bremen\, Niedersachsen\, Saarland\, Rheinland Pfalz\, 
 Schleswig Holstein\, Sachsen\, Sachsen Anhalt\, Thüringen\, Brandenburg\
 , Berlin\, Mecklenburg Vorpommern.
UID:971082385
TRANSP:OPAQUE
URL;VALUE=URI:http://feiertage.ferien-kalender.eu
CREATED:20090830T121849Z
END:VEVENT
BEGIN:VEVENT
SEQUENCE:4
DTSTART;VALUE=DATE:20100513
STATUS:CONFIRMED
DTSTAMP:20090830T125736Z
SUMMARY:Christi Himmelfahrt
DTEND;VALUE=DATE:20100514
LOCATION:Kalender Feiertage Deutschland Feiertag 2009 bis 2013
DESCRIPTION:Bundeseinheitlicher Feiertag in Deutschland bundesweit in de
 n Bundesländern Bayern\, Baden Württemberg\, NRW Nordrhein Westfalen\, H
 essen\, hamburg\, Bremen\, Niedersachsen\, Saarland\, Rheinland Pfalz\, 
 Schleswig Holstein\, Sachsen\, Sachsen Anhalt\, Thüringen\, Brandenburg\
 , Berlin\, Mecklenburg Vorpommern.
UID:eb5b9260-c8ef-11da-bfcf-c21c54abaed3
TRANSP:OPAQUE
URL;VALUE=URI:http://feiertage.ferien-kalender.eu
CREATED:20090830T121849Z
END:VEVENT
BEGIN:VEVENT
SEQUENCE:3
DTSTART;VALUE=DATE:20131120
STATUS:CONFIRMED
DTSTAMP:20090830T124459Z
SUMMARY:Buß- und Bettag
DTEND;VALUE=DATE:20131121
LOCATION:Kalender Feiertage Deutschland Feiertag 2009 bis 2013
DESCRIPTION:Feiertag nur im Bundesland Sachsen.
UID:270aefb0-c8f1-11da-bb36-eac655b6e108
TRANSP:OPAQUE
URL;VALUE=URI:http://feiertage.ferien-kalender.eu
CREATED:20090830T121849Z
END:VEVENT
BEGIN:VEVENT
SEQUENCE:4
DTSTART;VALUE=DATE:20111204
STATUS:CONFIRMED
DTSTAMP:20090830T125736Z
SUMMARY:Zweiter Advent
DTEND;VALUE=DATE:20111205
LOCATION:Kalender Feiertage Deutschland Feiertag 2009 bis 2013
DESCRIPTION:Bundeseinheitlicher Feiertag in Deutschland bundesweit in de
 n Bundesländern Bayern\, Baden Württemberg\, NRW Nordrhein Westfalen\, H
 essen\, hamburg\, Bremen\, Niedersachsen\, Saarland\, Rheinland Pfalz\, 
 Schleswig Holstein\, Sachsen\, Sachsen Anhalt\, Thüringen\, Brandenburg\
 , Berlin\, Mecklenburg Vorpommern.
UID:e2f107e0-c8d8-11da-943d-de41bcd04e93
TRANSP:OPAQUE
URL;VALUE=URI:http://feiertage.ferien-kalender.eu
CREATED:20090830T121849Z
END:VEVENT
BEGIN:VEVENT
SEQUENCE:4
DTSTART;VALUE=DATE:20131215
STATUS:CONFIRMED
DTSTAMP:20090830T125736Z
SUMMARY:Dritter Advent
DTEND;VALUE=DATE:20131216
LOCATION:Kalender Feiertage Deutschland Feiertag 2009 bis 2013
DESCRIPTION:Bundeseinheitlicher Feiertag in Deutschland bundesweit in de
 n Bundesländern Bayern\, Baden Württemberg\, NRW Nordrhein Westfalen\, H
 essen\, hamburg\, Bremen\, Niedersachsen\, Saarland\, Rheinland Pfalz\, 
 Schleswig Holstein\, Sachsen\, Sachsen Anhalt\, Thüringen\, Brandenburg\
 , Berlin\, Mecklenburg Vorpommern.
UID:6a5fa2b0-c8f1-11da-92ff-ede7e733ceca
TRANSP:OPAQUE
URL;VALUE=URI:http://feiertage.ferien-kalender.eu
CREATED:20090830T121849Z
END:VEVENT
BEGIN:VEVENT
SEQUENCE:4
DTSTART;VALUE=DATE:20090413
STATUS:CONFIRMED
DTSTAMP:20090830T125736Z
SUMMARY:Ostermontag
DTEND;VALUE=DATE:20090414
LOCATION:Kalender Feiertage Deutschland Feiertag 2009 bis 2013
DESCRIPTION:Bundeseinheitlicher Feiertag in Deutschland bundesweit in de
 n Bundesländern Bayern\, Baden Württemberg\, NRW Nordrhein Westfalen\, H
 essen\, hamburg\, Bremen\, Niedersachsen\, Saarland\, Rheinland Pfalz\, 
 Schleswig Holstein\, Sachsen\, Sachsen Anhalt\, Thüringen\, Brandenburg\
 , Berlin\, Mecklenburg Vorpommern.
UID:703a6aa0-c8ef-11da-84f3-d52dd0510f4b
TRANSP:OPAQUE
URL;VALUE=URI:http://feiertage.ferien-kalender.eu
CREATED:20090830T121849Z
END:VEVENT
BEGIN:VEVENT
SEQUENCE:4
DTSTART;VALUE=DATE:20130509
STATUS:CONFIRMED
DTSTAMP:20090830T125736Z
SUMMARY:Christi Himmelfahrt
DTEND;VALUE=DATE:20130510
LOCATION:Kalender Feiertage Deutschland Feiertag 2009 bis 2013
DESCRIPTION:Bundeseinheitlicher Feiertag in Deutschland bundesweit in de
 n Bundesländern Bayern\, Baden Württemberg\, NRW Nordrhein Westfalen\, H
 essen\, hamburg\, Bremen\, Niedersachsen\, Saarland\, Rheinland Pfalz\, 
 Schleswig Holstein\, Sachsen\, Sachsen Anhalt\, Thüringen\, Brandenburg\
 , Berlin\, Mecklenburg Vorpommern.
UID:ede50110-c8ef-11da-ac47-a2e2b374b44a
TRANSP:OPAQUE
URL;VALUE=URI:http://feiertage.ferien-kalender.eu
CREATED:20090830T121849Z
END:VEVENT
BEGIN:VEVENT
SEQUENCE:4
DTSTART;VALUE=DATE:20091220
STATUS:CONFIRMED
DTSTAMP:20090830T125735Z
SUMMARY:Vierter Advent
DTEND;VALUE=DATE:20091221
LOCATION:Kalender Feiertage Deutschland Feiertag 2009 bis 2013
DESCRIPTION:Bundeseinheitlicher Feiertag in Deutschland bundesweit in de
 n Bundesländern Bayern\, Baden Württemberg\, NRW Nordrhein Westfalen\, H
 essen\, hamburg\, Bremen\, Niedersachsen\, Saarland\, Rheinland Pfalz\, 
 Schleswig Holstein\, Sachsen\, Sachsen Anhalt\, Thüringen\, Brandenburg\
 , Berlin\, Mecklenburg Vorpommern.
UID:7799da30-c8f1-11da-97cd-fce1d96d8fc0
TRANSP:OPAQUE
URL;VALUE=URI:http://feiertage.ferien-kalender.eu
CREATED:20090830T121849Z
END:VEVENT
BEGIN:VEVENT
SEQUENCE:2
DTSTART;VALUE=DATE:20120513
STATUS:CONFIRMED
DTSTAMP:20090830T123103Z
SUMMARY:Muttertag
DTEND;VALUE=DATE:20120514
LOCATION:Kalender Feiertage Deutschland Feiertag 2009 bis 2013
DESCRIPTION:Kein gesetzlicher Feiertag
UID:d1cad250-c8ef-11da-a96e-ff40b04b8bd4
TRANSP:OPAQUE
URL;VALUE=URI:http://feiertage.ferien-kalender.eu
CREATED:20090830T121849Z
END:VEVENT
BEGIN:VEVENT
SEQUENCE:2
DTSTART;VALUE=DATE:20100328
STATUS:CONFIRMED
DTSTAMP:20090830T123103Z
SUMMARY:Palmsonntag
DTEND;VALUE=DATE:20100329
LOCATION:Kalender Feiertage Deutschland Feiertag 2009 bis 2013
DESCRIPTION:Christlicher Feiertag
UID:52620920-c8ef-11da-a67c-d07ee9c733e4
TRANSP:OPAQUE
URL;VALUE=URI:http://feiertage.ferien-kalender.eu
CREATED:20090830T121849Z
END:VEVENT
BEGIN:VEVENT
SEQUENCE:4
DTSTART;VALUE=DATE:20120527
STATUS:CONFIRMED
DTSTAMP:20090830T125735Z
SUMMARY:Pfingsten
DTEND;VALUE=DATE:20120528
LOCATION:Kalender Feiertage Deutschland Feiertag 2009 bis 2013
DESCRIPTION:Bundeseinheitlicher Feiertag in Deutschland bundesweit in de
 n Bundesländern Bayern\, Baden Württemberg\, NRW Nordrhein Westfalen\, H
 essen\, hamburg\, Bremen\, Niedersachsen\, Saarland\, Rheinland Pfalz\, 
 Schleswig Holstein\, Sachsen\, Sachsen Anhalt\, Thüringen\, Brandenburg\
 , Berlin\, Mecklenburg Vorpommern.
UID:05064ca0-c8f0-11da-842a-ed4dcbf80254
TRANSP:OPAQUE
URL;VALUE=URI:http://feiertage.ferien-kalender.eu
CREATED:20090830T121849Z
END:VEVENT
BEGIN:VEVENT
SEQUENCE:4
DTSTART;VALUE=DATE:20121216
STATUS:CONFIRMED
DTSTAMP:20090830T125735Z
SUMMARY:Dritter Advent
DTEND;VALUE=DATE:20121217
LOCATION:Kalender Feiertage Deutschland Feiertag 2009 bis 2013
DESCRIPTION:Bundeseinheitlicher Feiertag in Deutschland bundesweit in de
 n Bundesländern Bayern\, Baden Württemberg\, NRW Nordrhein Westfalen\, H
 essen\, hamburg\, Bremen\, Niedersachsen\, Saarland\, Rheinland Pfalz\, 
 Schleswig Holstein\, Sachsen\, Sachsen Anhalt\, Thüringen\, Brandenburg\
 , Berlin\, Mecklenburg Vorpommern.
UID:6f53f050-c8f1-11da-891a-ff3e8246e575
TRANSP:OPAQUE
URL;VALUE=URI:http://feiertage.ferien-kalender.eu
CREATED:20090830T121849Z
END:VEVENT
BEGIN:VEVENT
SEQUENCE:2
DTSTART;VALUE=DATE:20090223
STATUS:CONFIRMED
DTSTAMP:20090830T123102Z
SUMMARY:Rosenmontag
DTEND;VALUE=DATE:20090224
LOCATION:Kalender Feiertage Deutschland Feiertag 2009 bis 2013
DESCRIPTION:Karneval
UID:081c2f10-c8ef-11da-883f-d39b81a9931a
TRANSP:OPAQUE
URL;VALUE=URI:http://feiertage.ferien-kalender.eu
CREATED:20090830T121849Z
END:VEVENT
BEGIN:VEVENT
SEQUENCE:2
DTSTART;VALUE=DATE:20091115
STATUS:CONFIRMED
DTSTAMP:20090830T123102Z
SUMMARY:Volkstrauertag
DTEND;VALUE=DATE:20091116
LOCATION:Kalender Feiertage Deutschland Feiertag 2009 bis 2013
DESCRIPTION:Kein gesetzlicher Feiertag
UID:11cb4931-3cba-4a3c-bc3c-7b7aad4efe58
TRANSP:OPAQUE
URL;VALUE=URI:http://feiertage.ferien-kalender.eu
CREATED:20090830T121849Z
END:VEVENT
BEGIN:VEVENT
SEQUENCE:2
DTSTART;VALUE=DATE:20130512
STATUS:CONFIRMED
DTSTAMP:20090830T123102Z
SUMMARY:Muttertag
DTEND;VALUE=DATE:20130513
LOCATION:Kalender Feiertage Deutschland Feiertag 2009 bis 2013
DESCRIPTION:Kein gesetzlicher Feiertag
UID:f8cc7c26-675d-40b8-8131-37c06b065d5b
TRANSP:OPAQUE
URL;VALUE=URI:http://feiertage.ferien-kalender.eu
CREATED:20090830T121849Z
END:VEVENT
BEGIN:VEVENT
SEQUENCE:4
DTSTART;VALUE=DATE:20121209
STATUS:CONFIRMED
DTSTAMP:20090830T125735Z
SUMMARY:Zweiter Advent
DTEND;VALUE=DATE:20121210
LOCATION:Kalender Feiertage Deutschland Feiertag 2009 bis 2013
DESCRIPTION:Bundeseinheitlicher Feiertag in Deutschland bundesweit in de
 n Bundesländern Bayern\, Baden Württemberg\, NRW Nordrhein Westfalen\, H
 essen\, hamburg\, Bremen\, Niedersachsen\, Saarland\, Rheinland Pfalz\, 
 Schleswig Holstein\, Sachsen\, Sachsen Anhalt\, Thüringen\, Brandenburg\
 , Berlin\, Mecklenburg Vorpommern.
UID:68aa9b10-c8f1-11da-9fc8-dd4b0a261e6c
TRANSP:OPAQUE
URL;VALUE=URI:http://feiertage.ferien-kalender.eu
CREATED:20090830T121849Z
END:VEVENT
BEGIN:VEVENT
SEQUENCE:4
DTSTART;VALUE=DATE:20100404
STATUS:CONFIRMED
DTSTAMP:20090830T125734Z
SUMMARY:Ostern
DTEND;VALUE=DATE:20100405
LOCATION:Kalender Feiertage Deutschland Feiertag 2009 bis 2013
DESCRIPTION:Bundeseinheitlicher Feiertag in Deutschland bundesweit in de
 n Bundesländern Bayern\, Baden Württemberg\, NRW Nordrhein Westfalen\, H
 essen\, hamburg\, Bremen\, Niedersachsen\, Saarland\, Rheinland Pfalz\, 
 Schleswig Holstein\, Sachsen\, Sachsen Anhalt\, Thüringen\, Brandenburg\
 , Berlin\, Mecklenburg Vorpommern.
UID:62922da0-c8ef-11da-9b1e-89902011e8d0
TRANSP:OPAQUE
URL;VALUE=URI:http://feiertage.ferien-kalender.eu
CREATED:20090830T121849Z
END:VEVENT
BEGIN:VEVENT
SEQUENCE:5
DTSTART;VALUE=DATE:20130530
STATUS:CONFIRMED
DTSTAMP:20090830T125734Z
SUMMARY:Fronleichnam
DTEND;VALUE=DATE:20130531
LOCATION:Kalender Feiertage Deutschland Feiertag 2009 bis 2013
DESCRIPTION:Bundeseinheitlicher Feiertag in Deutschland bundesweit in de
 n Bundesländern Bayern\, Baden Württemberg\, NRW Nordrhein Westfalen\, H
 essen\, hamburg\, Bremen\, Niedersachsen\, Saarland\, Rheinland Pfalz\, 
 Schleswig Holstein\, Sachsen\, Sachsen Anhalt\, Thüringen\, Brandenburg\
 , Berlin\, Mecklenburg Vorpommern. Feiertag nur im Bundesland Baden-Würt
 temberg\, Bayern\, Hessen\, Nordrhein-Westfalen\,\nRheinland-Pfalz\, Saa
 rland\, Sachsen (teilweise) und Thüringen (teilweise).
UID:39f0b1d0-c8f0-11da-a6a8-90d798b27e38
TRANSP:OPAQUE
URL;VALUE=URI:http://feiertage.ferien-kalender.eu
CREATED:20090830T121849Z
END:VEVENT
BEGIN:VEVENT
SEQUENCE:4
DTSTART;VALUE=DATE:20101205
STATUS:CONFIRMED
DTSTAMP:20090830T125734Z
SUMMARY:Zweiter Advent
DTEND;VALUE=DATE:20101206
LOCATION:Kalender Feiertage Deutschland Feiertag 2009 bis 2013
DESCRIPTION:Bundeseinheitlicher Feiertag in Deutschland bundesweit in de
 n Bundesländern Bayern\, Baden Württemberg\, NRW Nordrhein Westfalen\, H
 essen\, hamburg\, Bremen\, Niedersachsen\, Saarland\, Rheinland Pfalz\, 
 Schleswig Holstein\, Sachsen\, Sachsen Anhalt\, Thüringen\, Brandenburg\
 , Berlin\, Mecklenburg Vorpommern.
UID:63792df0-c8f1-11da-92e9-91ca53599e3e
TRANSP:OPAQUE
URL;VALUE=URI:http://feiertage.ferien-kalender.eu
CREATED:20090830T121849Z
END:VEVENT
BEGIN:VEVENT
SEQUENCE:2
DTSTART;VALUE=DATE:20101114
STATUS:CONFIRMED
DTSTAMP:20090830T123102Z
SUMMARY:Volkstrauertag
DTEND;VALUE=DATE:20101115
LOCATION:Kalender Feiertage Deutschland Feiertag 2009 bis 2013
DESCRIPTION:Kein gesetzlicher Feiertag
UID:07dd70aa-a32f-47e0-b8bc-69596b93083d
TRANSP:OPAQUE
URL;VALUE=URI:http://feiertage.ferien-kalender.eu
CREATED:20090830T121849Z
END:VEVENT
BEGIN:VEVENT
SEQUENCE:4
DTSTART;VALUE=DATE:20120517
STATUS:CONFIRMED
DTSTAMP:20090830T125734Z
SUMMARY:Christi Himmelfahrt
DTEND;VALUE=DATE:20120518
LOCATION:Kalender Feiertage Deutschland Feiertag 2009 bis 2013
DESCRIPTION:Bundeseinheitlicher Feiertag in Deutschland bundesweit in de
 n Bundesländern Bayern\, Baden Württemberg\, NRW Nordrhein Westfalen\, H
 essen\, hamburg\, Bremen\, Niedersachsen\, Saarland\, Rheinland Pfalz\, 
 Schleswig Holstein\, Sachsen\, Sachsen Anhalt\, Thüringen\, Brandenburg\
 , Berlin\, Mecklenburg Vorpommern.
UID:ecad46d0-c8ef-11da-aacd-e1f1f779f34d
TRANSP:OPAQUE
URL;VALUE=URI:http://feiertage.ferien-kalender.eu
CREATED:20090830T121849Z
END:VEVENT
BEGIN:VEVENT
SEQUENCE:4
DTSTART;VALUE=DATE:20131222
STATUS:CONFIRMED
DTSTAMP:20090830T125734Z
SUMMARY:Vierter Advent
DTEND;VALUE=DATE:20131223
LOCATION:Kalender Feiertage Deutschland Feiertag 2009 bis 2013
DESCRIPTION:Bundeseinheitlicher Feiertag in Deutschland bundesweit in de
 n Bundesländern Bayern\, Baden Württemberg\, NRW Nordrhein Westfalen\, H
 essen\, hamburg\, Bremen\, Niedersachsen\, Saarland\, Rheinland Pfalz\, 
 Schleswig Holstein\, Sachsen\, Sachsen Anhalt\, Thüringen\, Brandenburg\
 , Berlin\, Mecklenburg Vorpommern.
UID:725616d0-c8f1-11da-a10f-ffc6e9198857
TRANSP:OPAQUE
URL;VALUE=URI:http://feiertage.ferien-kalender.eu
CREATED:20090830T121849Z
END:VEVENT
BEGIN:VEVENT
SEQUENCE:4
DTSTART;VALUE=DATE:20091122
STATUS:CONFIRMED
DTSTAMP:20090830T125734Z
SUMMARY:Totensonntag
DTEND;VALUE=DATE:20091123
LOCATION:Kalender Feiertage Deutschland Feiertag 2009 bis 2013
DESCRIPTION:Bundeseinheitlicher Feiertag in Deutschland bundesweit in de
 n Bundesländern Bayern\, Baden Württemberg\, NRW Nordrhein Westfalen\, H
 essen\, hamburg\, Bremen\, Niedersachsen\, Saarland\, Rheinland Pfalz\, 
 Schleswig Holstein\, Sachsen\, Sachsen Anhalt\, Thüringen\, Brandenburg\
 , Berlin\, Mecklenburg Vorpommern.
UID:44a014f0-c8f1-11da-8480-d851db6516a5
TRANSP:OPAQUE
URL;VALUE=URI:http://feiertage.ferien-kalender.eu
CREATED:20090830T121849Z
END:VEVENT
BEGIN:VEVENT
SEQUENCE:4
DTSTART;VALUE=DATE:20100524
STATUS:CONFIRMED
DTSTAMP:20090830T125734Z
SUMMARY:Pfingstmontag
DTEND;VALUE=DATE:20100525
LOCATION:Kalender Feiertage Deutschland Feiertag 2009 bis 2013
DESCRIPTION:Bundeseinheitlicher Feiertag in Deutschland bundesweit in de
 n Bundesländern Bayern\, Baden Württemberg\, NRW Nordrhein Westfalen\, H
 essen\, hamburg\, Bremen\, Niedersachsen\, Saarland\, Rheinland Pfalz\, 
 Schleswig Holstein\, Sachsen\, Sachsen Anhalt\, Thüringen\, Brandenburg\
 , Berlin\, Mecklenburg Vorpommern.
UID:23e890c0-c8f0-11da-b726-ab52813e8e91
TRANSP:OPAQUE
URL;VALUE=URI:http://feiertage.ferien-kalender.eu
CREATED:20090830T121849Z
END:VEVENT
BEGIN:VEVENT
SEQUENCE:2
DTSTART;VALUE=DATE:20100215
STATUS:CONFIRMED
DTSTAMP:20090830T123102Z
SUMMARY:Rosenmontag
DTEND;VALUE=DATE:20100216
LOCATION:Kalender Feiertage Deutschland Feiertag 2009 bis 2013
DESCRIPTION:Karneval
UID:070612f0-c8ef-11da-a72d-a4583b6823fe
TRANSP:OPAQUE
URL;VALUE=URI:http://feiertage.ferien-kalender.eu
CREATED:20090830T121849Z
END:VEVENT
BEGIN:VEVENT
SEQUENCE:3
DTSTART;VALUE=DATE:20090101
STATUS:CONFIRMED
DTSTAMP:20090830T125122Z
SUMMARY:Neujahr
DTEND;VALUE=DATE:20090102
LOCATION:Kalender Feiertage Deutschland Feiertag 2009 bis 2013
RRULE:FREQ=YEARLY;INTERVAL=1;BYMONTH=1
DESCRIPTION:Der Neujahrstag ist deutschlandweit Feiertag
UID:928286484
TRANSP:OPAQUE
URL;VALUE=URI:http://feiertage.ferien-kalender.eu
CREATED:20090830T121849Z
END:VEVENT
BEGIN:VEVENT
SEQUENCE:2
DTSTART;VALUE=DATE:20120220
STATUS:CONFIRMED
DTSTAMP:20090830T123102Z
SUMMARY:Rosenmontag
DTEND;VALUE=DATE:20120221
LOCATION:Kalender Feiertage Deutschland Feiertag 2009 bis 2013
DESCRIPTION:Karneval
UID:04b6b560-c8ef-11da-ba73-c2e26c597368
TRANSP:OPAQUE
URL;VALUE=URI:http://feiertage.ferien-kalender.eu
CREATED:20090830T121849Z
END:VEVENT
BEGIN:VEVENT
SEQUENCE:4
DTSTART;VALUE=DATE:20090531
STATUS:CONFIRMED
DTSTAMP:20090830T125733Z
SUMMARY:Pfingsten
DTEND;VALUE=DATE:20090601
LOCATION:Kalender Feiertage Deutschland Feiertag 2009 bis 2013
DESCRIPTION:Bundeseinheitlicher Feiertag in Deutschland bundesweit in de
 n Bundesländern Bayern\, Baden Württemberg\, NRW Nordrhein Westfalen\, H
 essen\, hamburg\, Bremen\, Niedersachsen\, Saarland\, Rheinland Pfalz\, 
 Schleswig Holstein\, Sachsen\, Sachsen Anhalt\, Thüringen\, Brandenburg\
 , Berlin\, Mecklenburg Vorpommern.
UID:0834c390-c8f0-11da-a773-ca542baa1167
TRANSP:OPAQUE
URL;VALUE=URI:http://feiertage.ferien-kalender.eu
CREATED:20090830T121849Z
END:VEVENT
BEGIN:VEVENT
SEQUENCE:2
DTSTART;VALUE=DATE:20130211
STATUS:CONFIRMED
DTSTAMP:20090830T123101Z
SUMMARY:Rosenmontag
DTEND;VALUE=DATE:20130212
LOCATION:Kalender Feiertage Deutschland Feiertag 2009 bis 2013
DESCRIPTION:Karneval
UID:05f61390-c8ef-11da-b57f-823ecb5ad528
TRANSP:OPAQUE
URL;VALUE=URI:http://feiertage.ferien-kalender.eu
CREATED:20090830T121849Z
END:VEVENT
BEGIN:VEVENT
SEQUENCE:4
DTSTART;VALUE=DATE:20120528
STATUS:CONFIRMED
DTSTAMP:20090830T125733Z
SUMMARY:Pfingstmontag
DTEND;VALUE=DATE:20120529
LOCATION:Kalender Feiertage Deutschland Feiertag 2009 bis 2013
DESCRIPTION:Bundeseinheitlicher Feiertag in Deutschland bundesweit in de
 n Bundesländern Bayern\, Baden Württemberg\, NRW Nordrhein Westfalen\, H
 essen\, hamburg\, Bremen\, Niedersachsen\, Saarland\, Rheinland Pfalz\, 
 Schleswig Holstein\, Sachsen\, Sachsen Anhalt\, Thüringen\, Brandenburg\
 , Berlin\, Mecklenburg Vorpommern.
UID:1fe2a460-c8f0-11da-b820-a8cc0a0f839b
TRANSP:OPAQUE
URL;VALUE=URI:http://feiertage.ferien-kalender.eu
CREATED:20090830T121849Z
END:VEVENT
BEGIN:VEVENT
SEQUENCE:4
DTSTART;VALUE=DATE:20111211
STATUS:CONFIRMED
DTSTAMP:20090830T125733Z
SUMMARY:Dritter Advent
DTEND;VALUE=DATE:20111212
LOCATION:Kalender Feiertage Deutschland Feiertag 2009 bis 2013
DESCRIPTION:Bundeseinheitlicher Feiertag in Deutschland bundesweit in de
 n Bundesländern Bayern\, Baden Württemberg\, NRW Nordrhein Westfalen\, H
 essen\, hamburg\, Bremen\, Niedersachsen\, Saarland\, Rheinland Pfalz\, 
 Schleswig Holstein\, Sachsen\, Sachsen Anhalt\, Thüringen\, Brandenburg\
 , Berlin\, Mecklenburg Vorpommern.
UID:ec1f3640-c8d8-11da-bc17-8ca982b1c41e
TRANSP:OPAQUE
URL;VALUE=URI:http://feiertage.ferien-kalender.eu
CREATED:20090830T121849Z
END:VEVENT
BEGIN:VEVENT
SEQUENCE:3
DTSTART;VALUE=DATE:20091031
STATUS:CONFIRMED
DTSTAMP:20090830T124455Z
SUMMARY:Reformationstag
DTEND;VALUE=DATE:20091101
LOCATION:Kalender Feiertage Deutschland Feiertag 2009 bis 2013
RRULE:FREQ=YEARLY;INTERVAL=1;BYMONTH=10
DESCRIPTION:Feiertag nur im Bundesland Brandenburg\, Mecklenburg-Vorpomm
 ern\, Sachsen\, Sachsen-Anhalt und Thüringen.
UID:996398531
TRANSP:OPAQUE
URL;VALUE=URI:http://feiertage.ferien-kalender.eu
CREATED:20090830T121849Z
END:VEVENT
BEGIN:VEVENT
SEQUENCE:4
DTSTART;VALUE=DATE:20130213
STATUS:CONFIRMED
DTSTAMP:20090830T125733Z
SUMMARY:Aschermittwoch
DTEND;VALUE=DATE:20130214
LOCATION:Kalender Feiertage Deutschland Feiertag 2009 bis 2013
DESCRIPTION:Bundeseinheitlicher Feiertag in Deutschland bundesweit in de
 n Bundesländern Bayern\, Baden Württemberg\, NRW Nordrhein Westfalen\, H
 essen\, hamburg\, Bremen\, Niedersachsen\, Saarland\, Rheinland Pfalz\, 
 Schleswig Holstein\, Sachsen\, Sachsen Anhalt\, Thüringen\, Brandenburg\
 , Berlin\, Mecklenburg Vorpommern. Nicht arbeitsfrei.
UID:00db9240-c8ef-11da-9efe-dabc04338fc6
TRANSP:OPAQUE
URL;VALUE=URI:http://feiertage.ferien-kalender.eu
CREATED:20090830T121849Z
END:VEVENT
BEGIN:VEVENT
SEQUENCE:2
DTSTART;VALUE=DATE:20111113
STATUS:CONFIRMED
DTSTAMP:20090830T123101Z
SUMMARY:Volkstrauertag
DTEND;VALUE=DATE:20111114
LOCATION:Kalender Feiertage Deutschland Feiertag 2009 bis 2013
DESCRIPTION:Kein gesetzlicher Feiertag
UID:2078f3f1-88ec-4ec3-befe-fc549d3c1a8c
TRANSP:OPAQUE
URL;VALUE=URI:http://feiertage.ferien-kalender.eu
CREATED:20090830T121849Z
END:VEVENT
BEGIN:VEVENT
SEQUENCE:4
DTSTART;VALUE=DATE:20110424
STATUS:CONFIRMED
DTSTAMP:20090830T125732Z
SUMMARY:Ostern
DTEND;VALUE=DATE:20110425
LOCATION:Kalender Feiertage Deutschland Feiertag 2009 bis 2013
DESCRIPTION:Bundeseinheitlicher Feiertag in Deutschland bundesweit in de
 n Bundesländern Bayern\, Baden Württemberg\, NRW Nordrhein Westfalen\, H
 essen\, hamburg\, Bremen\, Niedersachsen\, Saarland\, Rheinland Pfalz\, 
 Schleswig Holstein\, Sachsen\, Sachsen Anhalt\, Thüringen\, Brandenburg\
 , Berlin\, Mecklenburg Vorpommern.
UID:997933220
TRANSP:OPAQUE
URL;VALUE=URI:http://feiertage.ferien-kalender.eu
CREATED:20090830T121849Z
END:VEVENT
BEGIN:VEVENT
SEQUENCE:4
DTSTART;VALUE=DATE:20130520
STATUS:CONFIRMED
DTSTAMP:20090830T125732Z
SUMMARY:Pfingstmontag
DTEND;VALUE=DATE:20130521
LOCATION:Kalender Feiertage Deutschland Feiertag 2009 bis 2013
DESCRIPTION:Bundeseinheitlicher Feiertag in Deutschland bundesweit in de
 n Bundesländern Bayern\, Baden Württemberg\, NRW Nordrhein Westfalen\, H
 essen\, hamburg\, Bremen\, Niedersachsen\, Saarland\, Rheinland Pfalz\, 
 Schleswig Holstein\, Sachsen\, Sachsen Anhalt\, Thüringen\, Brandenburg\
 , Berlin\, Mecklenburg Vorpommern.
UID:21791c40-c8f0-11da-b1ce-d1ad21610140
TRANSP:OPAQUE
URL;VALUE=URI:http://feiertage.ferien-kalender.eu
CREATED:20090830T121849Z
END:VEVENT
BEGIN:VEVENT
SEQUENCE:4
DTSTART;VALUE=DATE:20121125
STATUS:CONFIRMED
DTSTAMP:20090830T125732Z
SUMMARY:Totensonntag
DTEND;VALUE=DATE:20121126
LOCATION:Kalender Feiertage Deutschland Feiertag 2009 bis 2013
DESCRIPTION:Bundeseinheitlicher Feiertag in Deutschland bundesweit in de
 n Bundesländern Bayern\, Baden Württemberg\, NRW Nordrhein Westfalen\, H
 essen\, hamburg\, Bremen\, Niedersachsen\, Saarland\, Rheinland Pfalz\, 
 Schleswig Holstein\, Sachsen\, Sachsen Anhalt\, Thüringen\, Brandenburg\
 , Berlin\, Mecklenburg Vorpommern.
UID:40587380-c8f1-11da-86ed-af007d642206
TRANSP:OPAQUE
URL;VALUE=URI:http://feiertage.ferien-kalender.eu
CREATED:20090830T121849Z
END:VEVENT
BEGIN:VEVENT
SEQUENCE:2
DTSTART;VALUE=DATE:20100509
STATUS:CONFIRMED
DTSTAMP:20090830T123101Z
SUMMARY:Muttertag
DTEND;VALUE=DATE:20100510
LOCATION:Kalender Feiertage Deutschland Feiertag 2009 bis 2013
DESCRIPTION:Kein gesetzlicher Feiertag
UID:d02b2f50-c8ef-11da-b2c4-cdec8effa193
TRANSP:OPAQUE
URL;VALUE=URI:http://feiertage.ferien-kalender.eu
CREATED:20090830T121849Z
END:VEVENT
BEGIN:VEVENT
SEQUENCE:4
DTSTART;VALUE=DATE:20130329
STATUS:CONFIRMED
DTSTAMP:20090830T125732Z
SUMMARY:Karfreitag
DTEND;VALUE=DATE:20130330
LOCATION:Kalender Feiertage Deutschland Feiertag 2009 bis 2013
DESCRIPTION:Bundeseinheitlicher Feiertag in Deutschland bundesweit in de
 n Bundesländern Bayern\, Baden Württemberg\, NRW Nordrhein Westfalen\, H
 essen\, hamburg\, Bremen\, Niedersachsen\, Saarland\, Rheinland Pfalz\, 
 Schleswig Holstein\, Sachsen\, Sachsen Anhalt\, Thüringen\, Brandenburg\
 , Berlin\, Mecklenburg Vorpommern.
UID:5ae38b50-c8ef-11da-865f-a6835831f9c0
TRANSP:OPAQUE
URL;VALUE=URI:http://feiertage.ferien-kalender.eu
CREATED:20090830T121849Z
END:VEVENT
BEGIN:VEVENT
SEQUENCE:4
DTSTART;VALUE=DATE:20130331
STATUS:CONFIRMED
DTSTAMP:20090830T125732Z
SUMMARY:Ostern
DTEND;VALUE=DATE:20130401
LOCATION:Kalender Feiertage Deutschland Feiertag 2009 bis 2013
DESCRIPTION:Bundeseinheitlicher Feiertag in Deutschland bundesweit in de
 n Bundesländern Bayern\, Baden Württemberg\, NRW Nordrhein Westfalen\, H
 essen\, hamburg\, Bremen\, Niedersachsen\, Saarland\, Rheinland Pfalz\, 
 Schleswig Holstein\, Sachsen\, Sachsen Anhalt\, Thüringen\, Brandenburg\
 , Berlin\, Mecklenburg Vorpommern.
UID:648a7180-c8ef-11da-8380-e44685ad20bf
TRANSP:OPAQUE
URL;VALUE=URI:http://feiertage.ferien-kalender.eu
CREATED:20090830T121849Z
END:VEVENT
BEGIN:VEVENT
SEQUENCE:2
DTSTART;VALUE=DATE:20121007
STATUS:CONFIRMED
DTSTAMP:20090830T123101Z
SUMMARY:Erntedankfest
DTEND;VALUE=DATE:20121008
LOCATION:Kalender Feiertage Deutschland Feiertag 2009 bis 2013
DESCRIPTION:Kein gesetzlicher Feiertag
UID:d385f6b0-c8ef-11da-8c08-d2848e1de366
TRANSP:OPAQUE
URL;VALUE=URI:http://feiertage.ferien-kalender.eu
CREATED:20090830T121849Z
END:VEVENT
BEGIN:VEVENT
SEQUENCE:4
DTSTART;VALUE=DATE:20101128
STATUS:CONFIRMED
DTSTAMP:20090830T125731Z
SUMMARY:Erster Advent
DTEND;VALUE=DATE:20101129
LOCATION:Kalender Feiertage Deutschland Feiertag 2009 bis 2013
DESCRIPTION:Bundeseinheitlicher Feiertag in Deutschland bundesweit in de
 n Bundesländern Bayern\, Baden Württemberg\, NRW Nordrhein Westfalen\, H
 essen\, hamburg\, Bremen\, Niedersachsen\, Saarland\, Rheinland Pfalz\, 
 Schleswig Holstein\, Sachsen\, Sachsen Anhalt\, Thüringen\, Brandenburg\
 , Berlin\, Mecklenburg Vorpommern.
UID:5d1dc740-c8f1-11da-89a1-cf8de886af1e
TRANSP:OPAQUE
URL;VALUE=URI:http://feiertage.ferien-kalender.eu
CREATED:20090830T121849Z
END:VEVENT
BEGIN:VEVENT
SEQUENCE:4
DTSTART;VALUE=DATE:20131208
STATUS:CONFIRMED
DTSTAMP:20090830T125731Z
SUMMARY:Zweiter Advent
DTEND;VALUE=DATE:20131209
LOCATION:Kalender Feiertage Deutschland Feiertag 2009 bis 2013
DESCRIPTION:Bundeseinheitlicher Feiertag in Deutschland bundesweit in de
 n Bundesländern Bayern\, Baden Württemberg\, NRW Nordrhein Westfalen\, H
 essen\, hamburg\, Bremen\, Niedersachsen\, Saarland\, Rheinland Pfalz\, 
 Schleswig Holstein\, Sachsen\, Sachsen Anhalt\, Thüringen\, Brandenburg\
 , Berlin\, Mecklenburg Vorpommern.
UID:65036c50-c8f1-11da-a0c9-b6dd75179e5e
TRANSP:OPAQUE
URL;VALUE=URI:http://feiertage.ferien-kalender.eu
CREATED:20090830T121849Z
END:VEVENT
BEGIN:VEVENT
SEQUENCE:4
DTSTART;VALUE=DATE:20090412
STATUS:CONFIRMED
DTSTAMP:20090830T125731Z
SUMMARY:Ostern
DTEND;VALUE=DATE:20090413
LOCATION:Kalender Feiertage Deutschland Feiertag 2009 bis 2013
DESCRIPTION:Bundeseinheitlicher Feiertag in Deutschland bundesweit in de
 n Bundesländern Bayern\, Baden Württemberg\, NRW Nordrhein Westfalen\, H
 essen\, hamburg\, Bremen\, Niedersachsen\, Saarland\, Rheinland Pfalz\, 
 Schleswig Holstein\, Sachsen\, Sachsen Anhalt\, Thüringen\, Brandenburg\
 , Berlin\, Mecklenburg Vorpommern.
UID:68533e60-c8ef-11da-b637-b5fa4940f669
TRANSP:OPAQUE
URL;VALUE=URI:http://feiertage.ferien-kalender.eu
CREATED:20090830T121849Z
END:VEVENT
BEGIN:VEVENT
SEQUENCE:2
DTSTART;VALUE=DATE:20091231
STATUS:CONFIRMED
DTSTAMP:20090830T123100Z
SUMMARY:Silvester
DTEND;VALUE=DATE:20100101
LOCATION:Kalender Feiertage Deutschland Feiertag 2009 bis 2013
RRULE:FREQ=YEARLY;INTERVAL=1;BYMONTH=12
DESCRIPTION:Nicht arbeitsfrei.
UID:97f269a0-c8d9-11da-b420-f5a1afe01740
TRANSP:OPAQUE
URL;VALUE=URI:http://feiertage.ferien-kalender.eu
CREATED:20090830T121849Z
END:VEVENT
BEGIN:VEVENT
SEQUENCE:2
DTSTART;VALUE=DATE:20110417
STATUS:CONFIRMED
DTSTAMP:20090830T123100Z
SUMMARY:Palmsonntag
DTEND;VALUE=DATE:20110418
LOCATION:Kalender Feiertage Deutschland Feiertag 2009 bis 2013
DESCRIPTION:Christlicher Feiertag
UID:964370352
TRANSP:OPAQUE
URL;VALUE=URI:http://feiertage.ferien-kalender.eu
CREATED:20090830T121849Z
END:VEVENT
BEGIN:VEVENT
SEQUENCE:4
DTSTART;VALUE=DATE:20110422
STATUS:CONFIRMED
DTSTAMP:20090830T125731Z
SUMMARY:Karfreitag
DTEND;VALUE=DATE:20110423
LOCATION:Kalender Feiertage Deutschland Feiertag 2009 bis 2013
DESCRIPTION:Bundeseinheitlicher Feiertag in Deutschland bundesweit in de
 n Bundesländern Bayern\, Baden Württemberg\, NRW Nordrhein Westfalen\, H
 essen\, hamburg\, Bremen\, Niedersachsen\, Saarland\, Rheinland Pfalz\, 
 Schleswig Holstein\, Sachsen\, Sachsen Anhalt\, Thüringen\, Brandenburg\
 , Berlin\, Mecklenburg Vorpommern.
UID:975032282
TRANSP:OPAQUE
URL;VALUE=URI:http://feiertage.ferien-kalender.eu
CREATED:20090830T121849Z
END:VEVENT
BEGIN:VEVENT
SEQUENCE:5
DTSTART;VALUE=DATE:20120607
STATUS:CONFIRMED
DTSTAMP:20090830T125731Z
SUMMARY:Fronleichnam
DTEND;VALUE=DATE:20120608
LOCATION:Kalender Feiertage Deutschland Feiertag 2009 bis 2013
DESCRIPTION:Bundeseinheitlicher Feiertag in Deutschland bundesweit in de
 n Bundesländern Bayern\, Baden Württemberg\, NRW Nordrhein Westfalen\, H
 essen\, hamburg\, Bremen\, Niedersachsen\, Saarland\, Rheinland Pfalz\, 
 Schleswig Holstein\, Sachsen\, Sachsen Anhalt\, Thüringen\, Brandenburg\
 , Berlin\, Mecklenburg Vorpommern. Feiertag nur im Bundesland Baden-Würt
 temberg\, Bayern\, Hessen\, Nordrhein-Westfalen\,\nRheinland-Pfalz\, Saa
 rland\, Sachsen (teilweise) und Thüringen (teilweise).
UID:38f79e40-c8f0-11da-b9fd-c30d8efdea24
TRANSP:OPAQUE
URL;VALUE=URI:http://feiertage.ferien-kalender.eu
CREATED:20090830T121849Z
END:VEVENT
BEGIN:VEVENT
SEQUENCE:4
DTSTART;VALUE=DATE:20110613
STATUS:CONFIRMED
DTSTAMP:20090830T125731Z
SUMMARY:Pfingstmontag
DTEND;VALUE=DATE:20110614
LOCATION:Kalender Feiertage Deutschland Feiertag 2009 bis 2013
DESCRIPTION:Bundeseinheitlicher Feiertag in Deutschland bundesweit in de
 n Bundesländern Bayern\, Baden Württemberg\, NRW Nordrhein Westfalen\, H
 essen\, hamburg\, Bremen\, Niedersachsen\, Saarland\, Rheinland Pfalz\, 
 Schleswig Holstein\, Sachsen\, Sachsen Anhalt\, Thüringen\, Brandenburg\
 , Berlin\, Mecklenburg Vorpommern.
UID:956036108
TRANSP:OPAQUE
URL;VALUE=URI:http://feiertage.ferien-kalender.eu
CREATED:20090830T121849Z
END:VEVENT
BEGIN:VEVENT
SEQUENCE:5
DTSTART;VALUE=DATE:20110623
STATUS:CONFIRMED
DTSTAMP:20090830T125731Z
SUMMARY:Fronleichnam
DTEND;VALUE=DATE:20110624
LOCATION:Kalender Feiertage Deutschland Feiertag 2009 bis 2013
DESCRIPTION:Bundeseinheitlicher Feiertag in Deutschland bundesweit in de
 n Bundesländern Bayern\, Baden Württemberg\, NRW Nordrhein Westfalen\, H
 essen\, hamburg\, Bremen\, Niedersachsen\, Saarland\, Rheinland Pfalz\, 
 Schleswig Holstein\, Sachsen\, Sachsen Anhalt\, Thüringen\, Brandenburg\
 , Berlin\, Mecklenburg Vorpommern. Feiertag nur im Bundesland Baden-Würt
 temberg\, Bayern\, Hessen\, Nordrhein-Westfalen\,\nRheinland-Pfalz\, Saa
 rland\, Sachsen (teilweise) und Thüringen (teilweise).
UID:979554918
TRANSP:OPAQUE
URL;VALUE=URI:http://feiertage.ferien-kalender.eu
CREATED:20090830T121849Z
END:VEVENT
BEGIN:VEVENT
SEQUENCE:4
DTSTART;VALUE=DATE:20131124
STATUS:CONFIRMED
DTSTAMP:20090830T125730Z
SUMMARY:Totensonntag
DTEND;VALUE=DATE:20131125
LOCATION:Kalender Feiertage Deutschland Feiertag 2009 bis 2013
DESCRIPTION:Bundeseinheitlicher Feiertag in Deutschland bundesweit in de
 n Bundesländern Bayern\, Baden Württemberg\, NRW Nordrhein Westfalen\, H
 essen\, hamburg\, Bremen\, Niedersachsen\, Saarland\, Rheinland Pfalz\, 
 Schleswig Holstein\, Sachsen\, Sachsen Anhalt\, Thüringen\, Brandenburg\
 , Berlin\, Mecklenburg Vorpommern.
UID:43453560-c8f1-11da-afd1-f9ac732d4e78
TRANSP:OPAQUE
URL;VALUE=URI:http://feiertage.ferien-kalender.eu
CREATED:20090830T121849Z
END:VEVENT
BEGIN:VEVENT
SEQUENCE:5
DTSTART;VALUE=DATE:20090106
STATUS:CONFIRMED
DTSTAMP:20090830T125730Z
SUMMARY:Heilige drei Könige
DTEND;VALUE=DATE:20090107
LOCATION:Kalender Feiertage Deutschland Feiertag 2009 bis 2013
RRULE:FREQ=YEARLY;INTERVAL=1;BYMONTH=1
DESCRIPTION:Bundeseinheitlicher Feiertag in Deutschland bundesweit in de
 n Bundesländern Bayern\, Baden Württemberg\, NRW Nordrhein Westfalen\, H
 essen\, hamburg\, Bremen\, Niedersachsen\, Saarland\, Rheinland Pfalz\, 
 Schleswig Holstein\, Sachsen\, Sachsen Anhalt\, Thüringen\, Brandenburg\
 , Berlin\, Mecklenburg Vorpommern. Feiertag nur im Bundesland Baden-Würt
 temberg\, Bayern und Sachsen-Anhalt.
UID:917544590
TRANSP:OPAQUE
URL;VALUE=URI:http://feiertage.ferien-kalender.eu
CREATED:20090830T121849Z
END:VEVENT
BEGIN:VEVENT
SEQUENCE:2
DTSTART;VALUE=DATE:20121118
STATUS:CONFIRMED
DTSTAMP:20090830T123100Z
SUMMARY:Volkstrauertag
DTEND;VALUE=DATE:20121119
LOCATION:Kalender Feiertage Deutschland Feiertag 2009 bis 2013
DESCRIPTION:Kein gesetzlicher Feiertag
UID:7ae0d74c-44d5-4b01-8a3f-d1978258770c
TRANSP:OPAQUE
URL;VALUE=URI:http://feiertage.ferien-kalender.eu
CREATED:20090830T121849Z
END:VEVENT
BEGIN:VEVENT
SEQUENCE:4
DTSTART;VALUE=DATE:20091206
STATUS:CONFIRMED
DTSTAMP:20090830T125730Z
SUMMARY:Nikolaus
DTEND;VALUE=DATE:20091207
LOCATION:Kalender Feiertage Deutschland Feiertag 2009 bis 2013
RRULE:FREQ=YEARLY;INTERVAL=1;BYMONTH=12
DESCRIPTION:Bundeseinheitlicher Feiertag in Deutschland bundesweit in de
 n Bundesländern Bayern\, Baden Württemberg\, NRW Nordrhein Westfalen\, H
 essen\, hamburg\, Bremen\, Niedersachsen\, Saarland\, Rheinland Pfalz\, 
 Schleswig Holstein\, Sachsen\, Sachsen Anhalt\, Thüringen\, Brandenburg\
 , Berlin\, Mecklenburg Vorpommern. Kein gesetzlicher Feiertag.
UID:915905148
TRANSP:OPAQUE
URL;VALUE=URI:http://feiertage.ferien-kalender.eu
CREATED:20090830T121849Z
END:VEVENT
BEGIN:VEVENT
SEQUENCE:4
DTSTART;VALUE=DATE:20100405
STATUS:CONFIRMED
DTSTAMP:20090830T125730Z
SUMMARY:Ostermontag
DTEND;VALUE=DATE:20100406
LOCATION:Kalender Feiertage Deutschland Feiertag 2009 bis 2013
DESCRIPTION:Bundeseinheitlicher Feiertag in Deutschland bundesweit in de
 n Bundesländern Bayern\, Baden Württemberg\, NRW Nordrhein Westfalen\, H
 essen\, hamburg\, Bremen\, Niedersachsen\, Saarland\, Rheinland Pfalz\, 
 Schleswig Holstein\, Sachsen\, Sachsen Anhalt\, Thüringen\, Brandenburg\
 , Berlin\, Mecklenburg Vorpommern.
UID:6a6a1200-c8ef-11da-b7f6-ff38c79a62e9
TRANSP:OPAQUE
URL;VALUE=URI:http://feiertage.ferien-kalender.eu
CREATED:20090830T121849Z
END:VEVENT
BEGIN:VEVENT
SEQUENCE:5
DTSTART;VALUE=DATE:20090815
STATUS:CONFIRMED
DTSTAMP:20090830T125730Z
SUMMARY:Mariä Himmelfahrt
DTEND;VALUE=DATE:20090816
LOCATION:Kalender Feiertage Deutschland Feiertag 2009 bis 2013
RRULE:FREQ=YEARLY;INTERVAL=1;BYMONTH=8
DESCRIPTION:Bundeseinheitlicher Feiertag in Deutschland bundesweit in de
 n Bundesländern Bayern\, Baden Württemberg\, NRW Nordrhein Westfalen\, H
 essen\, hamburg\, Bremen\, Niedersachsen\, Saarland\, Rheinland Pfalz\, 
 Schleswig Holstein\, Sachsen\, Sachsen Anhalt\, Thüringen\, Brandenburg\
 , Berlin\, Mecklenburg Vorpommern. Nur im Saarland\, in Bayern Feiertag 
 nur im Bundesland Gemeinden mit überwiegend\nkatholischer Bevölkerung.
UID:948278340
TRANSP:OPAQUE
URL;VALUE=URI:http://feiertage.ferien-kalender.eu
CREATED:20090830T121849Z
END:VEVENT
BEGIN:VEVENT
SEQUENCE:4
DTSTART;VALUE=DATE:20110602
STATUS:CONFIRMED
DTSTAMP:20090830T125730Z
SUMMARY:Christi Himmelfahrt
DTEND;VALUE=DATE:20110603
LOCATION:Kalender Feiertage Deutschland Feiertag 2009 bis 2013
DESCRIPTION:Bundeseinheitlicher Feiertag in Deutschland bundesweit in de
 n Bundesländern Bayern\, Baden Württemberg\, NRW Nordrhein Westfalen\, H
 essen\, hamburg\, Bremen\, Niedersachsen\, Saarland\, Rheinland Pfalz\, 
 Schleswig Holstein\, Sachsen\, Sachsen Anhalt\, Thüringen\, Brandenburg\
 , Berlin\, Mecklenburg Vorpommern.
UID:972056517
TRANSP:OPAQUE
URL;VALUE=URI:http://feiertage.ferien-kalender.eu
CREATED:20090830T121849Z
END:VEVENT
BEGIN:VEVENT
SEQUENCE:4
DTSTART;VALUE=DATE:20110612
STATUS:CONFIRMED
DTSTAMP:20090830T125730Z
SUMMARY:Pfingsten
DTEND;VALUE=DATE:20110613
LOCATION:Kalender Feiertage Deutschland Feiertag 2009 bis 2013
DESCRIPTION:Bundeseinheitlicher Feiertag in Deutschland bundesweit in de
 n Bundesländern Bayern\, Baden Württemberg\, NRW Nordrhein Westfalen\, H
 essen\, hamburg\, Bremen\, Niedersachsen\, Saarland\, Rheinland Pfalz\, 
 Schleswig Holstein\, Sachsen\, Sachsen Anhalt\, Thüringen\, Brandenburg\
 , Berlin\, Mecklenburg Vorpommern.
UID:984945948
TRANSP:OPAQUE
URL;VALUE=URI:http://feiertage.ferien-kalender.eu
CREATED:20090830T121849Z
END:VEVENT
BEGIN:VEVENT
SEQUENCE:4
DTSTART;VALUE=DATE:20100217
STATUS:CONFIRMED
DTSTAMP:20090830T125730Z
SUMMARY:Aschermittwoch
DTEND;VALUE=DATE:20100218
LOCATION:Kalender Feiertage Deutschland Feiertag 2009 bis 2013
DESCRIPTION:Bundeseinheitlicher Feiertag in Deutschland bundesweit in de
 n Bundesländern Bayern\, Baden Württemberg\, NRW Nordrhein Westfalen\, H
 essen\, hamburg\, Bremen\, Niedersachsen\, Saarland\, Rheinland Pfalz\, 
 Schleswig Holstein\, Sachsen\, Sachsen Anhalt\, Thüringen\, Brandenburg\
 , Berlin\, Mecklenburg Vorpommern. Nicht arbeitsfrei.
UID:ff3759b0-c8ee-11da-acd9-ed295e87b219
TRANSP:OPAQUE
URL;VALUE=URI:http://feiertage.ferien-kalender.eu
CREATED:20090830T121849Z
END:VEVENT
BEGIN:VEVENT
SEQUENCE:4
DTSTART;VALUE=DATE:20120408
STATUS:CONFIRMED
DTSTAMP:20090830T125729Z
SUMMARY:Ostern
DTEND;VALUE=DATE:20120409
LOCATION:Kalender Feiertage Deutschland Feiertag 2009 bis 2013
DESCRIPTION:Bundeseinheitlicher Feiertag in Deutschland bundesweit in de
 n Bundesländern Bayern\, Baden Württemberg\, NRW Nordrhein Westfalen\, H
 essen\, hamburg\, Bremen\, Niedersachsen\, Saarland\, Rheinland Pfalz\, 
 Schleswig Holstein\, Sachsen\, Sachsen Anhalt\, Thüringen\, Brandenburg\
 , Berlin\, Mecklenburg Vorpommern.
UID:669fbdf0-c8ef-11da-9c4c-df1f93edfa9a
TRANSP:OPAQUE
URL;VALUE=URI:http://feiertage.ferien-kalender.eu
CREATED:20090830T121849Z
END:VEVENT
BEGIN:VEVENT
SEQUENCE:4
DTSTART;VALUE=DATE:20101121
STATUS:CONFIRMED
DTSTAMP:20090830T125729Z
SUMMARY:Totensonntag
DTEND;VALUE=DATE:20101122
LOCATION:Kalender Feiertage Deutschland Feiertag 2009 bis 2013
DESCRIPTION:Bundeseinheitlicher Feiertag in Deutschland bundesweit in de
 n Bundesländern Bayern\, Baden Württemberg\, NRW Nordrhein Westfalen\, H
 essen\, hamburg\, Bremen\, Niedersachsen\, Saarland\, Rheinland Pfalz\, 
 Schleswig Holstein\, Sachsen\, Sachsen Anhalt\, Thüringen\, Brandenburg\
 , Berlin\, Mecklenburg Vorpommern.
UID:41baf700-c8f1-11da-99c7-ac5bd910ab27
TRANSP:OPAQUE
URL;VALUE=URI:http://feiertage.ferien-kalender.eu
CREATED:20090830T121849Z
END:VEVENT
BEGIN:VEVENT
SEQUENCE:4
DTSTART;VALUE=DATE:20130519
STATUS:CONFIRMED
DTSTAMP:20090830T125729Z
SUMMARY:Pfingsten
DTEND;VALUE=DATE:20130520
LOCATION:Kalender Feiertage Deutschland Feiertag 2009 bis 2013
DESCRIPTION:Bundeseinheitlicher Feiertag in Deutschland bundesweit in de
 n Bundesländern Bayern\, Baden Württemberg\, NRW Nordrhein Westfalen\, H
 essen\, hamburg\, Bremen\, Niedersachsen\, Saarland\, Rheinland Pfalz\, 
 Schleswig Holstein\, Sachsen\, Sachsen Anhalt\, Thüringen\, Brandenburg\
 , Berlin\, Mecklenburg Vorpommern.
UID:06a776d0-c8f0-11da-a9c7-f69603f0c2ff
TRANSP:OPAQUE
URL;VALUE=URI:http://feiertage.ferien-kalender.eu
CREATED:20090830T121849Z
END:VEVENT
BEGIN:VEVENT
SEQUENCE:4
DTSTART;VALUE=DATE:20091129
STATUS:CONFIRMED
DTSTAMP:20090830T125729Z
SUMMARY:Erster Advent
DTEND;VALUE=DATE:20091130
LOCATION:Kalender Feiertage Deutschland Feiertag 2009 bis 2013
DESCRIPTION:Bundeseinheitlicher Feiertag in Deutschland bundesweit in de
 n Bundesländern Bayern\, Baden Württemberg\, NRW Nordrhein Westfalen\, H
 essen\, hamburg\, Bremen\, Niedersachsen\, Saarland\, Rheinland Pfalz\, 
 Schleswig Holstein\, Sachsen\, Sachsen Anhalt\, Thüringen\, Brandenburg\
 , Berlin\, Mecklenburg Vorpommern.
UID:6194c780-c8f1-11da-aad6-bfb082c706ae
TRANSP:OPAQUE
URL;VALUE=URI:http://feiertage.ferien-kalender.eu
CREATED:20090830T121849Z
END:VEVENT
BEGIN:VEVENT
SEQUENCE:4
DTSTART;VALUE=DATE:20091213
STATUS:CONFIRMED
DTSTAMP:20090830T125729Z
SUMMARY:Dritter Advent
DTEND;VALUE=DATE:20091214
LOCATION:Kalender Feiertage Deutschland Feiertag 2009 bis 2013
DESCRIPTION:Bundeseinheitlicher Feiertag in Deutschland bundesweit in de
 n Bundesländern Bayern\, Baden Württemberg\, NRW Nordrhein Westfalen\, H
 essen\, hamburg\, Bremen\, Niedersachsen\, Saarland\, Rheinland Pfalz\, 
 Schleswig Holstein\, Sachsen\, Sachsen Anhalt\, Thüringen\, Brandenburg\
 , Berlin\, Mecklenburg Vorpommern.
UID:6da99b00-c8f1-11da-9539-8e9bdbd2d6ed
TRANSP:OPAQUE
URL;VALUE=URI:http://feiertage.ferien-kalender.eu
CREATED:20090830T121849Z
END:VEVENT
BEGIN:VEVENT
SEQUENCE:5
DTSTART;VALUE=DATE:20090430
STATUS:CONFIRMED
DTSTAMP:20090830T125013Z
SUMMARY:Tag der Arbeit
DTEND;VALUE=DATE:20090501
LOCATION:Kalender Feiertage Deutschland Feiertag 2009 bis 2013
RRULE:FREQ=YEARLY;INTERVAL=1;BYMONTH=5
DESCRIPTION:Tag der Arbeit ist  gesetzlicher Feiertag in allen deutschen
  Bundesländern sowie auch in vielen Staaten der Welt.
UID:999463355
TRANSP:OPAQUE
URL;VALUE=URI:http://feiertage.ferien-kalender.eu
CREATED:20090830T121849Z
END:VEVENT
BEGIN:VEVENT
SEQUENCE:4
DTSTART;VALUE=DATE:20090521
STATUS:CONFIRMED
DTSTAMP:20090830T125729Z
SUMMARY:Christi Himmelfahrt
DTEND;VALUE=DATE:20090522
LOCATION:Kalender Feiertage Deutschland Feiertag 2009 bis 2013
DESCRIPTION:Bundeseinheitlicher Feiertag in Deutschland bundesweit in de
 n Bundesländern Bayern\, Baden Württemberg\, NRW Nordrhein Westfalen\, H
 essen\, hamburg\, Bremen\, Niedersachsen\, Saarland\, Rheinland Pfalz\, 
 Schleswig Holstein\, Sachsen\, Sachsen Anhalt\, Thüringen\, Brandenburg\
 , Berlin\, Mecklenburg Vorpommern.
UID:ef245f40-c8ef-11da-aa0a-d5e77da7cc2e
TRANSP:OPAQUE
URL;VALUE=URI:http://feiertage.ferien-kalender.eu
CREATED:20090830T121849Z
END:VEVENT
BEGIN:VEVENT
SEQUENCE:2
DTSTART;VALUE=DATE:20130324
STATUS:CONFIRMED
DTSTAMP:20090830T123059Z
SUMMARY:Palmsonntag
DTEND;VALUE=DATE:20130325
LOCATION:Kalender Feiertage Deutschland Feiertag 2009 bis 2013
DESCRIPTION:Christlicher Feiertag
UID:4d649060-c8ef-11da-b412-a439f21aaedc
TRANSP:OPAQUE
URL;VALUE=URI:http://feiertage.ferien-kalender.eu
CREATED:20090830T121849Z
END:VEVENT
BEGIN:VEVENT
SEQUENCE:4
DTSTART;VALUE=DATE:20091206
STATUS:CONFIRMED
DTSTAMP:20090830T125729Z
SUMMARY:Zweiter Advent
DTEND;VALUE=DATE:20091207
LOCATION:Kalender Feiertage Deutschland Feiertag 2009 bis 2013
DESCRIPTION:Bundeseinheitlicher Feiertag in Deutschland bundesweit in de
 n Bundesländern Bayern\, Baden Württemberg\, NRW Nordrhein Westfalen\, H
 essen\, hamburg\, Bremen\, Niedersachsen\, Saarland\, Rheinland Pfalz\, 
 Schleswig Holstein\, Sachsen\, Sachsen Anhalt\, Thüringen\, Brandenburg\
 , Berlin\, Mecklenburg Vorpommern.
UID:67142330-c8f1-11da-ba04-f19e28074303
TRANSP:OPAQUE
URL;VALUE=URI:http://feiertage.ferien-kalender.eu
CREATED:20090830T121849Z
END:VEVENT
BEGIN:VEVENT
SEQUENCE:4
DTSTART;VALUE=DATE:20091226
STATUS:CONFIRMED
DTSTAMP:20090830T125728Z
SUMMARY:2. Weihnachtstag
DTEND;VALUE=DATE:20091227
LOCATION:Kalender Feiertage Deutschland Feiertag 2009 bis 2013
RRULE:FREQ=YEARLY;INTERVAL=1;BYMONTH=12
DESCRIPTION:Bundeseinheitlicher Feiertag in Deutschland bundesweit in de
 n Bundesländern Bayern\, Baden Württemberg\, NRW Nordrhein Westfalen\, H
 essen\, hamburg\, Bremen\, Niedersachsen\, Saarland\, Rheinland Pfalz\, 
 Schleswig Holstein\, Sachsen\, Sachsen Anhalt\, Thüringen\, Brandenburg\
 , Berlin\, Mecklenburg Vorpommern.
UID:984536863
TRANSP:OPAQUE
URL;VALUE=URI:http://feiertage.ferien-kalender.eu
CREATED:20090830T121849Z
END:VEVENT
BEGIN:VEVENT
SEQUENCE:4
DTSTART;VALUE=DATE:20101219
STATUS:CONFIRMED
DTSTAMP:20090830T125728Z
SUMMARY:Vierter Advent
DTEND;VALUE=DATE:20101220
LOCATION:Kalender Feiertage Deutschland Feiertag 2009 bis 2013
DESCRIPTION:Bundeseinheitlicher Feiertag in Deutschland bundesweit in de
 n Bundesländern Bayern\, Baden Württemberg\, NRW Nordrhein Westfalen\, H
 essen\, hamburg\, Bremen\, Niedersachsen\, Saarland\, Rheinland Pfalz\, 
 Schleswig Holstein\, Sachsen\, Sachsen Anhalt\, Thüringen\, Brandenburg\
 , Berlin\, Mecklenburg Vorpommern.
UID:7418df20-c8f1-11da-ae80-910833c1dace
TRANSP:OPAQUE
URL;VALUE=URI:http://feiertage.ferien-kalender.eu
CREATED:20090830T121849Z
END:VEVENT
BEGIN:VEVENT
SEQUENCE:4
DTSTART;VALUE=DATE:20101212
STATUS:CONFIRMED
DTSTAMP:20090830T125728Z
SUMMARY:Dritter Advent
DTEND;VALUE=DATE:20101213
LOCATION:Kalender Feiertage Deutschland Feiertag 2009 bis 2013
DESCRIPTION:Bundeseinheitlicher Feiertag in Deutschland bundesweit in de
 n Bundesländern Bayern\, Baden Württemberg\, NRW Nordrhein Westfalen\, H
 essen\, hamburg\, Bremen\, Niedersachsen\, Saarland\, Rheinland Pfalz\, 
 Schleswig Holstein\, Sachsen\, Sachsen Anhalt\, Thüringen\, Brandenburg\
 , Berlin\, Mecklenburg Vorpommern.
UID:6c0d0660-c8f1-11da-b841-cd0b2b008a9c
TRANSP:OPAQUE
URL;VALUE=URI:http://feiertage.ferien-kalender.eu
CREATED:20090830T121849Z
END:VEVENT
BEGIN:VEVENT
SEQUENCE:4
DTSTART;VALUE=DATE:20100523
STATUS:CONFIRMED
DTSTAMP:20090830T125728Z
SUMMARY:Pfingsten
DTEND;VALUE=DATE:20100524
LOCATION:Kalender Feiertage Deutschland Feiertag 2009 bis 2013
DESCRIPTION:Bundeseinheitlicher Feiertag in Deutschland bundesweit in de
 n Bundesländern Bayern\, Baden Württemberg\, NRW Nordrhein Westfalen\, H
 essen\, hamburg\, Bremen\, Niedersachsen\, Saarland\, Rheinland Pfalz\, 
 Schleswig Holstein\, Sachsen\, Sachsen Anhalt\, Thüringen\, Brandenburg\
 , Berlin\, Mecklenburg Vorpommern.
UID:03e0e8a0-c8f0-11da-9d99-f7cd36abcaab
TRANSP:OPAQUE
URL;VALUE=URI:http://feiertage.ferien-kalender.eu
CREATED:20090830T121849Z
END:VEVENT
BEGIN:VEVENT
SEQUENCE:3
DTSTART;VALUE=DATE:20091118
STATUS:CONFIRMED
DTSTAMP:20090830T124451Z
SUMMARY:Buß- und Bettag
DTEND;VALUE=DATE:20091119
LOCATION:Kalender Feiertage Deutschland Feiertag 2009 bis 2013
DESCRIPTION:Feiertag nur im Bundesland Sachsen.
UID:2a612180-c8f1-11da-bfae-a9dc1f7c7ba1
TRANSP:OPAQUE
URL;VALUE=URI:http://feiertage.ferien-kalender.eu
CREATED:20090830T121849Z
END:VEVENT
BEGIN:VEVENT
SEQUENCE:4
DTSTART;VALUE=DATE:20111127
STATUS:CONFIRMED
DTSTAMP:20090830T125728Z
SUMMARY:Erster Advent
DTEND;VALUE=DATE:20111128
LOCATION:Kalender Feiertage Deutschland Feiertag 2009 bis 2013
DESCRIPTION:Bundeseinheitlicher Feiertag in Deutschland bundesweit in de
 n Bundesländern Bayern\, Baden Württemberg\, NRW Nordrhein Westfalen\, H
 essen\, hamburg\, Bremen\, Niedersachsen\, Saarland\, Rheinland Pfalz\, 
 Schleswig Holstein\, Sachsen\, Sachsen Anhalt\, Thüringen\, Brandenburg\
 , Berlin\, Mecklenburg Vorpommern.
UID:acb983d0-c8d8-11da-abb2-fbc9d064916b
TRANSP:OPAQUE
URL;VALUE=URI:http://feiertage.ferien-kalender.eu
CREATED:20090830T121849Z
END:VEVENT
BEGIN:VEVENT
SEQUENCE:4
DTSTART;VALUE=DATE:20090214
STATUS:CONFIRMED
DTSTAMP:20090830T125728Z
SUMMARY:Valentinstag
DTEND;VALUE=DATE:20090215
LOCATION:Kalender Feiertage Deutschland Feiertag 2009 bis 2013
RRULE:FREQ=YEARLY;INTERVAL=1;BYMONTH=2
DESCRIPTION:Bundeseinheitlicher Feiertag in Deutschland bundesweit in de
 n Bundesländern Bayern\, Baden Württemberg\, NRW Nordrhein Westfalen\, H
 essen\, hamburg\, Bremen\, Niedersachsen\, Saarland\, Rheinland Pfalz\, 
 Schleswig Holstein\, Sachsen\, Sachsen Anhalt\, Thüringen\, Brandenburg\
 , Berlin\, Mecklenburg Vorpommern. Kein gesetzlicher Feiertag.
UID:959125914
TRANSP:OPAQUE
URL;VALUE=URI:http://feiertage.ferien-kalender.eu
CREATED:20090830T121849Z
END:VEVENT
BEGIN:VEVENT
SEQUENCE:4
DTSTART;VALUE=DATE:20090225
STATUS:CONFIRMED
DTSTAMP:20090830T125728Z
SUMMARY:Aschermittwoch
DTEND;VALUE=DATE:20090226
LOCATION:Kalender Feiertage Deutschland Feiertag 2009 bis 2013
DESCRIPTION:Bundeseinheitlicher Feiertag in Deutschland bundesweit in de
 n Bundesländern Bayern\, Baden Württemberg\, NRW Nordrhein Westfalen\, H
 essen\, hamburg\, Bremen\, Niedersachsen\, Saarland\, Rheinland Pfalz\, 
 Schleswig Holstein\, Sachsen\, Sachsen Anhalt\, Thüringen\, Brandenburg\
 , Berlin\, Mecklenburg Vorpommern. Nicht arbeitsfrei.
UID:03606b60-c8ef-11da-8741-809302063462
TRANSP:OPAQUE
URL;VALUE=URI:http://feiertage.ferien-kalender.eu
CREATED:20090830T121849Z
END:VEVENT
BEGIN:VEVENT
SEQUENCE:8
DTSTART;VALUE=DATE:20091001
STATUS:CONFIRMED
DTSTAMP:20090830T124944Z
SUMMARY:Tag der Deutschen Einheit
DTEND;VALUE=DATE:20091002
LOCATION:Kalender Feiertage Deutschland Feiertag 2009 bis 2013
RRULE:FREQ=YEARLY;INTERVAL=1;BYMONTH=10
DESCRIPTION:"Tag der Deutschen Einheit" ist  gesetzlicher Feiertag in al
 len deutschen Bundesländern
UID:932572589
TRANSP:OPAQUE
URL;VALUE=URI:http://feiertage.ferien-kalender.eu
CREATED:20090830T121849Z
END:VEVENT
BEGIN:VEVENT
SEQUENCE:5
DTSTART;VALUE=DATE:20100603
STATUS:CONFIRMED
DTSTAMP:20090830T125728Z
SUMMARY:Fronleichnam
DTEND;VALUE=DATE:20100604
LOCATION:Kalender Feiertage Deutschland Feiertag 2009 bis 2013
DESCRIPTION:Bundeseinheitlicher Feiertag in Deutschland bundesweit in de
 n Bundesländern Bayern\, Baden Württemberg\, NRW Nordrhein Westfalen\, H
 essen\, hamburg\, Bremen\, Niedersachsen\, Saarland\, Rheinland Pfalz\, 
 Schleswig Holstein\, Sachsen\, Sachsen Anhalt\, Thüringen\, Brandenburg\
 , Berlin\, Mecklenburg Vorpommern. Feiertag nur im Bundesland Baden-Würt
 temberg\, Bayern\, Hessen\, Nordrhein-Westfalen\,\nRheinland-Pfalz\, Saa
 rland\, Sachsen (teilweise) und Thüringen (teilweise).
UID:36c54940-c8f0-11da-8cb4-8d3d560e0bb7
TRANSP:OPAQUE
URL;VALUE=URI:http://feiertage.ferien-kalender.eu
CREATED:20090830T121849Z
END:VEVENT
BEGIN:VEVENT
SEQUENCE:4
DTSTART;VALUE=DATE:20120222
STATUS:CONFIRMED
DTSTAMP:20090830T125727Z
SUMMARY:Aschermittwoch
DTEND;VALUE=DATE:20120223
LOCATION:Kalender Feiertage Deutschland Feiertag 2009 bis 2013
DESCRIPTION:Bundeseinheitlicher Feiertag in Deutschland bundesweit in de
 n Bundesländern Bayern\, Baden Württemberg\, NRW Nordrhein Westfalen\, H
 essen\, hamburg\, Bremen\, Niedersachsen\, Saarland\, Rheinland Pfalz\, 
 Schleswig Holstein\, Sachsen\, Sachsen Anhalt\, Thüringen\, Brandenburg\
 , Berlin\, Mecklenburg Vorpommern. Nicht arbeitsfrei.
UID:0214d3b0-c8ef-11da-a825-d35d3aa27c3b
TRANSP:OPAQUE
URL;VALUE=URI:http://feiertage.ferien-kalender.eu
CREATED:20090830T121849Z
END:VEVENT
BEGIN:VEVENT
SEQUENCE:2
DTSTART;VALUE=DATE:20131006
STATUS:CONFIRMED
DTSTAMP:20090830T123058Z
SUMMARY:Erntedankfest
DTEND;VALUE=DATE:20131007
LOCATION:Kalender Feiertage Deutschland Feiertag 2009 bis 2013
DESCRIPTION:Kein gesetzlicher Feiertag
UID:ebed6699-9d53-4900-b07c-b2f66f98a039
TRANSP:OPAQUE
URL;VALUE=URI:http://feiertage.ferien-kalender.eu
CREATED:20090830T121849Z
END:VEVENT
BEGIN:VEVENT
SEQUENCE:4
DTSTART;VALUE=DATE:20120406
STATUS:CONFIRMED
DTSTAMP:20090830T125727Z
SUMMARY:Karfreitag
DTEND;VALUE=DATE:20120407
LOCATION:Kalender Feiertage Deutschland Feiertag 2009 bis 2013
DESCRIPTION:Bundeseinheitlicher Feiertag in Deutschland bundesweit in de
 n Bundesländern Bayern\, Baden Württemberg\, NRW Nordrhein Westfalen\, H
 essen\, hamburg\, Bremen\, Niedersachsen\, Saarland\, Rheinland Pfalz\, 
 Schleswig Holstein\, Sachsen\, Sachsen Anhalt\, Thüringen\, Brandenburg\
 , Berlin\, Mecklenburg Vorpommern.
UID:59a2a5f0-c8ef-11da-86f4-8391c724222b
TRANSP:OPAQUE
URL;VALUE=URI:http://feiertage.ferien-kalender.eu
CREATED:20090830T121849Z
END:VEVENT
BEGIN:VEVENT
SEQUENCE:5
DTSTART;VALUE=DATE:20090808
STATUS:CONFIRMED
DTSTAMP:20090830T125727Z
SUMMARY:Friedensfest
DTEND;VALUE=DATE:20090809
LOCATION:Kalender Feiertage Deutschland Feiertag 2009 bis 2013
RRULE:FREQ=YEARLY;INTERVAL=1;BYMONTH=8
DESCRIPTION:Bundeseinheitlicher Feiertag in Deutschland bundesweit in de
 n Bundesländern Bayern\, Baden Württemberg\, NRW Nordrhein Westfalen\, H
 essen\, hamburg\, Bremen\, Niedersachsen\, Saarland\, Rheinland Pfalz\, 
 Schleswig Holstein\, Sachsen\, Sachsen Anhalt\, Thüringen\, Brandenburg\
 , Berlin\, Mecklenburg Vorpommern. Feiertag nur im Bundesland Augsburg (
 Bayern)
UID:942159081
TRANSP:OPAQUE
URL;VALUE=URI:http://feiertage.ferien-kalender.eu
CREATED:20090830T121849Z
END:VEVENT
BEGIN:VEVENT
SEQUENCE:4
DTSTART;VALUE=DATE:20091224
STATUS:CONFIRMED
DTSTAMP:20090830T125727Z
SUMMARY:Heiliger Abend
DTEND;VALUE=DATE:20091225
LOCATION:Kalender Feiertage Deutschland Feiertag 2009 bis 2013
RRULE:FREQ=YEARLY;INTERVAL=1;BYMONTH=12
DESCRIPTION:Bundeseinheitlicher Feiertag in Deutschland bundesweit in de
 n Bundesländern Bayern\, Baden Württemberg\, NRW Nordrhein Westfalen\, H
 essen\, hamburg\, Bremen\, Niedersachsen\, Saarland\, Rheinland Pfalz\, 
 Schleswig Holstein\, Sachsen\, Sachsen Anhalt\, Thüringen\, Brandenburg\
 , Berlin\, Mecklenburg Vorpommern. Nicht arbeitsfrei.
UID:031bd550-c8d9-11da-9d0c-a4805e40b203
TRANSP:OPAQUE
URL;VALUE=URI:http://feiertage.ferien-kalender.eu
CREATED:20090830T121849Z
END:VEVENT
BEGIN:VEVENT
SEQUENCE:4
DTSTART;VALUE=DATE:20111120
STATUS:CONFIRMED
DTSTAMP:20090830T125727Z
SUMMARY:Totensonntag
DTEND;VALUE=DATE:20111121
LOCATION:Kalender Feiertage Deutschland Feiertag 2009 bis 2013
DESCRIPTION:Bundeseinheitlicher Feiertag in Deutschland bundesweit in de
 n Bundesländern Bayern\, Baden Württemberg\, NRW Nordrhein Westfalen\, H
 essen\, hamburg\, Bremen\, Niedersachsen\, Saarland\, Rheinland Pfalz\, 
 Schleswig Holstein\, Sachsen\, Sachsen Anhalt\, Thüringen\, Brandenburg\
 , Berlin\, Mecklenburg Vorpommern.
UID:917499217
TRANSP:OPAQUE
URL;VALUE=URI:http://feiertage.ferien-kalender.eu
CREATED:20090830T121849Z
END:VEVENT
BEGIN:VEVENT
SEQUENCE:3
DTSTART;VALUE=DATE:20101117
STATUS:CONFIRMED
DTSTAMP:20090830T124450Z
SUMMARY:Buß- und Bettag
DTEND;VALUE=DATE:20101118
LOCATION:Kalender Feiertage Deutschland Feiertag 2009 bis 2013
DESCRIPTION:Feiertag nur im Bundesland Sachsen.
UID:25bf5800-c8f1-11da-8235-e09ac6e6ef93
TRANSP:OPAQUE
URL;VALUE=URI:http://feiertage.ferien-kalender.eu
CREATED:20090830T121849Z
END:VEVENT
BEGIN:VEVENT
SEQUENCE:4
DTSTART;VALUE=DATE:20121202
STATUS:CONFIRMED
DTSTAMP:20090830T125727Z
SUMMARY:Erster Advent
DTEND;VALUE=DATE:20121203
LOCATION:Kalender Feiertage Deutschland Feiertag 2009 bis 2013
DESCRIPTION:Bundeseinheitlicher Feiertag in Deutschland bundesweit in de
 n Bundesländern Bayern\, Baden Württemberg\, NRW Nordrhein Westfalen\, H
 essen\, hamburg\, Bremen\, Niedersachsen\, Saarland\, Rheinland Pfalz\, 
 Schleswig Holstein\, Sachsen\, Sachsen Anhalt\, Thüringen\, Brandenburg\
 , Berlin\, Mecklenburg Vorpommern.
UID:5ff52480-c8f1-11da-b03f-d2f8a1055abf
TRANSP:OPAQUE
URL;VALUE=URI:http://feiertage.ferien-kalender.eu
CREATED:20090830T121849Z
END:VEVENT
BEGIN:VEVENT
SEQUENCE:4
DTSTART;VALUE=DATE:20090410
STATUS:CONFIRMED
DTSTAMP:20090830T125727Z
SUMMARY:Karfreitag
DTEND;VALUE=DATE:20090411
LOCATION:Kalender Feiertage Deutschland Feiertag 2009 bis 2013
DESCRIPTION:Bundeseinheitlicher Feiertag in Deutschland bundesweit in de
 n Bundesländern Bayern\, Baden Württemberg\, NRW Nordrhein Westfalen\, H
 essen\, hamburg\, Bremen\, Niedersachsen\, Saarland\, Rheinland Pfalz\, 
 Schleswig Holstein\, Sachsen\, Sachsen Anhalt\, Thüringen\, Brandenburg\
 , Berlin\, Mecklenburg Vorpommern.
UID:58402270-c8ef-11da-b41a-a0cfbe68c3eb
TRANSP:OPAQUE
URL;VALUE=URI:http://feiertage.ferien-kalender.eu
CREATED:20090830T121849Z
END:VEVENT
BEGIN:VEVENT
SEQUENCE:4
DTSTART;VALUE=DATE:20100402
STATUS:CONFIRMED
DTSTAMP:20090830T125727Z
SUMMARY:Karfreitag
DTEND;VALUE=DATE:20100403
LOCATION:Kalender Feiertage Deutschland Feiertag 2009 bis 2013
DESCRIPTION:Bundeseinheitlicher Feiertag in Deutschland bundesweit in de
 n Bundesländern Bayern\, Baden Württemberg\, NRW Nordrhein Westfalen\, H
 essen\, hamburg\, Bremen\, Niedersachsen\, Saarland\, Rheinland Pfalz\, 
 Schleswig Holstein\, Sachsen\, Sachsen Anhalt\, Thüringen\, Brandenburg\
 , Berlin\, Mecklenburg Vorpommern.
UID:5e56c5b0-c8ef-11da-8df4-e73c3b84ba44
TRANSP:OPAQUE
URL;VALUE=URI:http://feiertage.ferien-kalender.eu
CREATED:20090830T121849Z
END:VEVENT
BEGIN:VEVENT
SEQUENCE:3
DTSTART;VALUE=DATE:20121121
STATUS:CONFIRMED
DTSTAMP:20090830T124449Z
SUMMARY:Buß- und Bettag
DTEND;VALUE=DATE:20121122
LOCATION:Kalender Feiertage Deutschland Feiertag 2009 bis 2013
DESCRIPTION:Feiertag nur im Bundesland Sachsen.
UID:2465ffa0-c8f1-11da-9c63-b0e45f76af63
TRANSP:OPAQUE
URL;VALUE=URI:http://feiertage.ferien-kalender.eu
CREATED:20090830T121849Z
END:VEVENT
BEGIN:VEVENT
SEQUENCE:4
DTSTART;VALUE=DATE:20110309
STATUS:CONFIRMED
DTSTAMP:20090830T125726Z
SUMMARY:Aschermittwoch
DTEND;VALUE=DATE:20110310
LOCATION:Kalender Feiertage Deutschland Feiertag 2009 bis 2013
DESCRIPTION:Bundeseinheitlicher Feiertag in Deutschland bundesweit in de
 n Bundesländern Bayern\, Baden Württemberg\, NRW Nordrhein Westfalen\, H
 essen\, hamburg\, Bremen\, Niedersachsen\, Saarland\, Rheinland Pfalz\, 
 Schleswig Holstein\, Sachsen\, Sachsen Anhalt\, Thüringen\, Brandenburg\
 , Berlin\, Mecklenburg Vorpommern. Nicht arbeitsfrei.
UID:57444f60-c8da-11da-93cf-d91657d8e931
TRANSP:OPAQUE
URL;VALUE=URI:http://feiertage.ferien-kalender.eu
CREATED:20090830T121849Z
END:VEVENT
BEGIN:VEVENT
SEQUENCE:2
DTSTART;VALUE=DATE:20090510
STATUS:CONFIRMED
DTSTAMP:20090830T123057Z
SUMMARY:Muttertag
DTEND;VALUE=DATE:20090511
LOCATION:Kalender Feiertage Deutschland Feiertag 2009 bis 2013
DESCRIPTION:Kein gesetzlicher Feiertag
UID:ce66dfd0-c8ef-11da-a4d7-b089a6d1c44b
TRANSP:OPAQUE
URL;VALUE=URI:http://feiertage.ferien-kalender.eu
CREATED:20090830T121849Z
END:VEVENT
BEGIN:VEVENT
SEQUENCE:3
DTSTART;VALUE=DATE:20111116
STATUS:CONFIRMED
DTSTAMP:20090830T124449Z
SUMMARY:Buß- und Bettag
DTEND;VALUE=DATE:20111117
LOCATION:Kalender Feiertage Deutschland Feiertag 2009 bis 2013
DESCRIPTION:Feiertag nur im Bundesland Sachsen.
UID:945496450
TRANSP:OPAQUE
URL;VALUE=URI:http://feiertage.ferien-kalender.eu
CREATED:20090830T121849Z
END:VEVENT
BEGIN:VEVENT
SEQUENCE:5
DTSTART;VALUE=DATE:20090611
STATUS:CONFIRMED
DTSTAMP:20090830T125726Z
SUMMARY:Fronleichnam
DTEND;VALUE=DATE:20090612
LOCATION:Kalender Feiertage Deutschland Feiertag 2009 bis 2013
DESCRIPTION:Bundeseinheitlicher Feiertag in Deutschland bundesweit in de
 n Bundesländern Bayern\, Baden Württemberg\, NRW Nordrhein Westfalen\, H
 essen\, hamburg\, Bremen\, Niedersachsen\, Saarland\, Rheinland Pfalz\, 
 Schleswig Holstein\, Sachsen\, Sachsen Anhalt\, Thüringen\, Brandenburg\
 , Berlin\, Mecklenburg Vorpommern. Feiertag nur im Bundesland Baden-Würt
 temberg\, Bayern\, Hessen\, Nordrhein-Westfalen\,\nRheinland-Pfalz\, Saa
 rland\, Sachsen (teilweise) und Thüringen (teilweise).
UID:38126820-c8f0-11da-b8c5-b891f6690e60
TRANSP:OPAQUE
URL;VALUE=URI:http://feiertage.ferien-kalender.eu
CREATED:20090830T121849Z
END:VEVENT
BEGIN:VEVENT
SEQUENCE:4
DTSTART;VALUE=DATE:20121223
STATUS:CONFIRMED
DTSTAMP:20090830T125726Z
SUMMARY:Vierter Advent
DTEND;VALUE=DATE:20121224
LOCATION:Kalender Feiertage Deutschland Feiertag 2009 bis 2013
DESCRIPTION:Bundeseinheitlicher Feiertag in Deutschland bundesweit in de
 n Bundesländern Bayern\, Baden Württemberg\, NRW Nordrhein Westfalen\, H
 essen\, hamburg\, Bremen\, Niedersachsen\, Saarland\, Rheinland Pfalz\, 
 Schleswig Holstein\, Sachsen\, Sachsen Anhalt\, Thüringen\, Brandenburg\
 , Berlin\, Mecklenburg Vorpommern.
UID:75c642d0-c8f1-11da-965a-98644244c581
TRANSP:OPAQUE
URL;VALUE=URI:http://feiertage.ferien-kalender.eu
CREATED:20090830T121849Z
END:VEVENT
BEGIN:VEVENT
SEQUENCE:2
DTSTART;VALUE=DATE:20090405
STATUS:CONFIRMED
DTSTAMP:20090830T123057Z
SUMMARY:Palmsonntag
DTEND;VALUE=DATE:20090406
LOCATION:Kalender Feiertage Deutschland Feiertag 2009 bis 2013
DESCRIPTION:Christlicher Feiertag
UID:4f3fcbb0-c8ef-11da-b5a0-b32d7dea0ce1
TRANSP:OPAQUE
URL;VALUE=URI:http://feiertage.ferien-kalender.eu
CREATED:20090830T121849Z
END:VEVENT
BEGIN:VEVENT
SEQUENCE:4
DTSTART;VALUE=DATE:20111218
STATUS:CONFIRMED
DTSTAMP:20090830T125726Z
SUMMARY:Vierter Advent
DTEND;VALUE=DATE:20111219
LOCATION:Kalender Feiertage Deutschland Feiertag 2009 bis 2013
DESCRIPTION:Bundeseinheitlicher Feiertag in Deutschland bundesweit in de
 n Bundesländern Bayern\, Baden Württemberg\, NRW Nordrhein Westfalen\, H
 essen\, hamburg\, Bremen\, Niedersachsen\, Saarland\, Rheinland Pfalz\, 
 Schleswig Holstein\, Sachsen\, Sachsen Anhalt\, Thüringen\, Brandenburg\
 , Berlin\, Mecklenburg Vorpommern.
UID:05883b70-c8d9-11da-a519-d3b17b4109e4
TRANSP:OPAQUE
URL;VALUE=URI:http://feiertage.ferien-kalender.eu
CREATED:20090830T121849Z
END:VEVENT
BEGIN:VEVENT
SEQUENCE:4
DTSTART;VALUE=DATE:20131201
STATUS:CONFIRMED
DTSTAMP:20090830T125726Z
SUMMARY:Erster Advent
DTEND;VALUE=DATE:20131202
LOCATION:Kalender Feiertage Deutschland Feiertag 2009 bis 2013
DESCRIPTION:Bundeseinheitlicher Feiertag in Deutschland bundesweit in de
 n Bundesländern Bayern\, Baden Württemberg\, NRW Nordrhein Westfalen\, H
 essen\, hamburg\, Bremen\, Niedersachsen\, Saarland\, Rheinland Pfalz\, 
 Schleswig Holstein\, Sachsen\, Sachsen Anhalt\, Thüringen\, Brandenburg\
 , Berlin\, Mecklenburg Vorpommern.
UID:5e942830-c8f1-11da-9a84-d8605b982816
TRANSP:OPAQUE
URL;VALUE=URI:http://feiertage.ferien-kalender.eu
CREATED:20090830T121849Z
END:VEVENT
BEGIN:VEVENT
SEQUENCE:4
DTSTART;VALUE=DATE:20130401
STATUS:CONFIRMED
DTSTAMP:20090830T125726Z
SUMMARY:Ostermontag
DTEND;VALUE=DATE:20130402
LOCATION:Kalender Feiertage Deutschland Feiertag 2009 bis 2013
DESCRIPTION:Bundeseinheitlicher Feiertag in Deutschland bundesweit in de
 n Bundesländern Bayern\, Baden Württemberg\, NRW Nordrhein Westfalen\, H
 essen\, hamburg\, Bremen\, Niedersachsen\, Saarland\, Rheinland Pfalz\, 
 Schleswig Holstein\, Sachsen\, Sachsen Anhalt\, Thüringen\, Brandenburg\
 , Berlin\, Mecklenburg Vorpommern.
UID:6dbbae40-c8ef-11da-8817-d997f4b8fc35
TRANSP:OPAQUE
URL;VALUE=URI:http://feiertage.ferien-kalender.eu
CREATED:20090830T121849Z
END:VEVENT
BEGIN:VEVENT
SEQUENCE:2
DTSTART;VALUE=DATE:20110508
STATUS:CONFIRMED
DTSTAMP:20090830T123056Z
SUMMARY:Muttertag
DTEND;VALUE=DATE:20110509
LOCATION:Kalender Feiertage Deutschland Feiertag 2009 bis 2013
DESCRIPTION:Kein gesetzlicher Feiertag
UID:965016110
TRANSP:OPAQUE
URL;VALUE=URI:http://feiertage.ferien-kalender.eu
CREATED:20090830T121849Z
END:VEVENT
BEGIN:VEVENT
SEQUENCE:2
DTSTART;VALUE=DATE:20110307
STATUS:CONFIRMED
DTSTAMP:20090830T123056Z
SUMMARY:Rosenmontag
DTEND;VALUE=DATE:20110308
LOCATION:Kalender Feiertage Deutschland Feiertag 2009 bis 2013
DESCRIPTION:Karneval
UID:941282435
TRANSP:OPAQUE
URL;VALUE=URI:http://feiertage.ferien-kalender.eu
CREATED:20090830T121849Z
END:VEVENT
BEGIN:VEVENT
SEQUENCE:2
DTSTART;VALUE=DATE:20101003
STATUS:CONFIRMED
DTSTAMP:20090830T123056Z
SUMMARY:Erntedankfest
DTEND;VALUE=DATE:20101004
LOCATION:Kalender Feiertage Deutschland Feiertag 2009 bis 2013
DESCRIPTION:Kein gesetzlicher Feiertag
UID:25fe4a5c-6c49-4e66-a989-999860543e40
TRANSP:OPAQUE
URL;VALUE=URI:http://feiertage.ferien-kalender.eu
CREATED:20090830T121849Z
END:VEVENT
BEGIN:VEVENT
SEQUENCE:2
DTSTART;VALUE=DATE:20131117
STATUS:CONFIRMED
DTSTAMP:20090830T123056Z
SUMMARY:Volkstrauertag
DTEND;VALUE=DATE:20131118
LOCATION:Kalender Feiertage Deutschland Feiertag 2009 bis 2013
DESCRIPTION:Kein gesetzlicher Feiertag
UID:95eaf3b0-b4e7-4e82-9842-300c4a0a57d1
TRANSP:OPAQUE
URL;VALUE=URI:http://feiertage.ferien-kalender.eu
CREATED:20090830T121849Z
END:VEVENT
END:VCALENDAR
